PIXEL,Wavelength
a. u.,nm
21,460.508901723348
22,460.990396268706
23,461.471831758877
24,461.953208242919
25,462.434525769891
26,462.915784388848
27,463.396984148853
28,463.878125098961
29,464.359207288231
30,464.840230765722
31,465.321195580493
32,465.802101781601
33,466.282949418105
34,466.763738539064
35,467.244469193535
36,467.725141430577
37,468.205755299248
38,468.686310848608
39,469.166808127713
40,469.647247185622
41,470.127628071395
42,470.607950834089
43,471.088215522762
44,471.568422186473
45,472.048570874281
46,472.528661635242
47,473.008694518417
48,473.488669572863
49,473.968586847639
50,474.448446391803
51,474.928248254414
52,475.407992484529
53,475.887679131208
54,476.367308243507
55,476.846879870487
56,477.326394061204
57,477.805850864719
58,478.285250330088
59,478.764592506371
60,479.243877442625
61,479.72310518791
62,480.202275791282
63,480.681389301802
64,481.160445768526
65,481.639445240514
66,482.118387766824
67,482.597273396514
68,483.076102178642
69,483.554874162268
70,484.033589396449
71,484.512247930243
72,484.990849812709
73,485.469395092906
74,485.947883819891
75,486.426316042724
76,486.904691810461
77,487.383011172163
78,487.861274176886
79,488.339480873691
80,488.817631311634
81,489.295725539774
82,489.77376360717
83,490.251745562879
84,490.729671455961
85,491.207541335474
86,491.685355250475
87,492.163113250025
88,492.640815383179
89,493.118461698998
90,493.596052246539
91,494.073587074862
92,494.551066233023
93,495.028489770082
94,495.505857735096
95,495.983170177126
96,496.460427145228
97,496.93762868846
98,497.414774855882
99,497.891865696552
100,498.368901259528
101,498.845881593868
102,499.322806748631
103,499.799676772875
104,500.276491715658
105,500.75325162604
106,501.229956553077
107,501.706606545829
108,502.183201653354
109,502.659741924711
110,503.136227408957
111,503.612658155152
112,504.089034212352
113,504.565355629617
114,505.041622456006
115,505.517834740576
116,505.993992532385
117,506.470095880494
118,506.946144833958
119,507.422139441837
120,507.89807975319
121,508.373965817074
122,508.849797682548
123,509.325575398671
124,509.801299014499
125,510.276968579094
126,510.752584141511
127,511.228145750812
128,511.703653456051
129,512.179107306289
130,512.654507350585
131,513.129853637994
132,513.605146217578
133,514.080385138394
134,514.5555704495
135,515.030702199954
136,515.505780438817
137,515.980805215144
138,516.455776577994
139,516.930694576427
140,517.405559259501
141,517.880370676274
142,518.355128875803
143,518.829833907149
144,519.304485819367
145,519.779084661519
146,520.25363048266
147,520.728123331852
148,521.20256325815
149,521.676950310613
150,522.151284538301
151,522.625565990272
152,523.099794715583
153,523.573970763293
154,524.048094182462
155,524.522165022145
156,524.996183331403
157,525.470149159294
158,525.944062554875
159,526.417923567206
160,526.891732245344
161,527.365488638349
162,527.839192795278
163,528.31284476519
164,528.786444597142
165,529.259992340195
166,529.733488043404
167,530.206931755831
168,530.680323526531
169,531.153663404565
170,531.62695143899
171,532.100187678866
172,532.573372173247
173,533.046504971197
174,533.51958612177
175,533.992615674027
176,534.465593677025
177,534.938520179823
178,535.41139523148
179,535.884218881052
180,536.3569911776
181,536.82971217018
182,537.302381907854
183,537.775000439676
184,538.247567814706
185,538.720084082004
186,539.192549290626
187,539.664963489632
188,540.137326728079
189,540.609639055027
190,541.081900519533
191,541.554111170656
192,542.026271057454
193,542.498380228986
194,542.97043873431
195,543.442446622483
196,543.914403942566
197,544.386310743616
198,544.858167074691
199,545.329972984849
200,545.801732160506
201,546.273433738651
202,546.745088680411
203,547.216693397488
204,547.688247938941
205,548.159752353827
206,548.631206691206
207,549.102611000135
208,549.573965329674
209,550.045269728879
210,550.516524246811
211,550.987728932527
212,551.458883835084
213,551.929989003543
214,552.40104448696
215,552.872050334396
216,553.343006594907
217,553.813913317551
218,554.28477055139
219,554.755578345478
220,555.226336748876
221,555.697045810642
222,556.167705579833
223,556.638316105509
224,557.108877436727
225,557.579389622548
226,558.049852712027
227,558.520266754224
228,558.990631798197
229,559.460947893005
230,559.931215087705
231,560.401433431358
232,560.871602973019
233,561.341723761749
234,561.811795846604
235,562.281819276644
236,562.751794100928
237,563.221720368513
238,563.691598128457
239,564.16142742982
240,564.63120832166
241,565.100940853034
242,565.570625073001
243,566.04026103062
244,566.509848774949
245,566.979388355046
246,567.44887981997
247,567.918323218779
248,568.38771860053
249,568.857066014285
250,569.326365509099
251,569.795617134031
252,570.26482093814
253,570.733976970485
254,571.203085280123
255,571.672145916112
256,572.141158927512
257,572.610124363381
258,573.079042272777
259,573.547912704758
260,574.016735708383
261,574.485511332709
262,574.954239626796
263,575.422920639703
264,575.891554420485
265,576.360141018204
266,576.828680481916
267,577.297172860681
268,577.765618203556
269,578.2340165596
270,578.702367977871
271,579.170672507428
272,579.638930197329
273,580.107141096633
274,580.575305254397
275,581.043422719681
276,581.511493541542
277,581.979517769038
278,582.447495451229
279,582.915426637172
280,583.383311375926
281,583.85114971655
282,584.3189417081
283,584.786687399637
284,585.254386840219
285,585.722044503868
286,586.189647164747
287,586.657208146812
288,587.124723074155
289,587.592191995833
290,588.059614960906
291,588.526992018432
292,588.994323217469
293,589.461608607075
294,589.92884823631
295,590.39604215423
296,590.863190409896
297,591.330293052365
298,591.797350130694
299,592.264361693944
300,592.731327791172
301,593.198248471436
302,593.665123783795
303,594.131953777307
304,594.598738501031
305,595.065478004024
306,595.532172335346
307,595.998821544054
308,596.465425679208
309,596.931984789865
310,597.398498925083
311,597.864968133922
312,598.331392465439
313,598.797771968693
314,599.264106692742
315,599.730396686644
316,600.196641999458
317,600.662842680243
318,601.128998778056
319,601.595110341956
320,602.061177421001
321,602.527200064251
322,602.993178320761
323,603.459112239592
324,603.925001869803
325,604.39084726045
326,604.856648460593
327,605.322405519289
328,605.788118485598
329,606.253787408578
330,606.719412337286
331,607.184993320781
332,607.650530408122
333,608.116023648367
334,608.581473090575
335,609.046883439137
336,609.51224077711
337,609.977559119554
338,610.442833860195
339,610.908065048089
340,611.373252732297
341,611.838396961874
342,612.303497785882
343,612.768555253376
344,613.233569413417
345,613.698540315062
346,614.163468007369
347,614.628352539398
348,615.093198650017
349,615.557992318852
350,616.022747664394
351,616.487460045891
352,616.952129512399
353,617.41675611298
354,617.88133989669
355,618.345880912588
356,618.810379209732
357,619.274834837181
358,619.739247843992
359,620.203618279226
360,620.667946191939
361,621.13223163119
362,621.596474646037
363,622.060675285539
364,622.524833598754
365,622.988949634741
366,623.453023442557
367,623.917055071262
368,624.381044569914
369,624.84499198757
370,625.30889737329
371,625.772760776132
372,626.236582245154
373,626.700361829413
374,627.16409957797
375,627.627795539881
376,628.091449764207
377,628.555062300004
378,629.018633196331
379,629.482162502247
380,629.94565026681
381,630.409096539078
382,630.872501368109
383,631.335864802963
384,631.799186892697
385,632.262467686369
386,632.725707233039
387,633.188905581764
388,633.652062781603
389,634.115178881614
390,634.578253930856
391,635.041287978387
392,635.504281073264
393,635.967233264548
394,636.430144601295
395,636.893015132565
396,637.355844907415
397,637.818633974904
398,638.281382384091
399,638.744090184033
400,639.206757423791
401,639.669388883737
402,640.13197041898
403,640.594516272529
404,641.057021762126
405,641.519486936829
406,641.981911845695
407,642.444296537784
408,642.906641062155
409,643.368945467865
410,643.831209803973
411,644.293434119536
412,644.755618463615
413,645.217762885266
414,645.679867433548
415,646.14193215752
416,646.603957106239
417,647.065942328765
418,647.527887874155
419,647.989793791469
420,648.451660129763
421,648.913486938098
422,649.375274265531
423,649.837022161119
424,650.298730673922
425,650.760399852999
426,651.222029747407
427,651.683620406206
428,652.145171878451
429,652.606684213205
430,653.068157459522
431,653.529591666463
432,653.990986883086
433,654.452343158449
434,654.91366054161
435,655.374939081627
436,655.83617882756
437,656.297379828466
438,656.758542133405
439,657.219665791433
440,657.68075085161
441,658.141797362993
442,658.602805374642
443,659.063774935615
444,659.52470609497
445,659.985598901764
446,660.446458058223
447,660.907269653908
448,661.368047697374
449,661.828787584514
450,662.289489364386
451,662.750153086048
452,663.210778798559
453,663.671366550978
454,664.131916392362
455,664.59242837177
456,665.05290253826
457,665.513338940891
458,665.973737628721
459,666.434098650808
460,666.894422056211
461,667.354707893988
462,667.814960816088
463,668.275167062898
464,668.735340492147
465,669.195476550004
466,669.655575285527
467,670.115636747775
468,670.575660985804
469,671.035648048675
470,671.495602559086
471,671.955510845173
472,672.415386676917
473,672.875225529735
474,673.335027452686
475,673.794792494828
476,674.25452070522
477,674.714212132919
478,675.173866826985
479,675.633484836476
480,676.093066210449
481,676.552610997964
482,677.012119248078
483,677.47159100985
484,677.931026332338
485,678.390425264601
486,678.849787855698
487,679.309114154686
488,679.768404210624
489,680.227658072569
490,680.686875789582
491,681.146057410719
492,681.60520298504
493,682.064312561602
494,682.523386189465
495,682.982423917685
496,683.441425795322
497,683.900391871435
498,684.35932219508
499,684.818216815317
500,685.277075781205
501,685.735899141801
502,686.194686946164
503,686.653439243352
504,687.112156082424
505,687.570837512438
506,688.029483582452
507,688.488094341524
508,688.946669838714
509,689.405210123079
510,689.863715243678
511,690.322185249568
512,690.78062018981
513,691.23902011346
514,691.697385069578
515,692.155715107221
516,692.614010275448
517,693.072274974046
518,693.530496199886
519,693.988687054215
520,694.446843235361
521,694.904964792383
522,695.363051774338
523,695.821104230286
524,696.279122209286
525,696.737105760394
526,697.195054932669
527,697.65296977517
528,698.110850336956
529,698.568696667085
530,699.026508814614
531,699.484286828603
532,699.942030758109
533,700.399740652191
534,700.857416559908
535,701.315058530317
536,701.772666612478
537,702.230240855448
538,702.687781308286
539,703.145292239189
540,703.602761039798
541,704.06020041659
542,704.517606199482
543,704.974978437534
544,705.432317179805
545,705.889622475351
546,706.346894373233
547,706.804132922508
548,707.261338172233
549,707.718510171469
550,708.175648969273
551,708.632754614703
552,709.089827156818
553,709.546866644677
554,710.003873127336
555,710.460846653856
556,710.917787273295
557,711.37469503471
558,711.83156998716
559,712.288412179703
560,712.745221661398
561,713.201998481303
562,713.658742688477
563,714.115454331978
564,714.572133460864
565,715.028780124193
566,715.485394371024
567,715.941976250416
568,716.398525811425
569,716.855043103112
570,717.311532182615
571,717.767981074751
572,718.224401852819
573,718.680790557798
574,719.137147238745
575,719.59347194472
576,720.04976472478
577,720.506025627984
578,720.96225470339
579,721.418452000057
580,721.874617567043
581,722.330751453406
582,722.786853708204
583,723.242924380497
584,723.698963519342
585,724.154975070087
586,724.610947392923
587,725.066892225776
588,725.522805721414
589,725.978687928897
590,726.434538897282
591,726.890358675629
592,727.346147312994
593,727.801904858437
594,728.257631361016
595,728.713326869789
596,729.168991433815
597,729.624625102152
598,730.080227923859
599,730.535799947993
600,730.991341223613
601,731.446851799778
602,731.902331725546
603,732.357781049975
604,732.813199822124
605,733.268588091051
606,733.723945905815
607,734.179273315472
608,734.634570369082
609,735.089837115704
610,735.545073604397
611,736.000279884217
612,736.455456004223
613,736.910602013475
614,737.365717961029
615,737.820803895945
616,738.275859867282
617,738.730885924096
618,739.185882115447
619,739.640848490393
620,740.095785097992
621,740.550691987303
622,741.005569207384
623,741.460416807294
624,741.91523483609
625,742.370023342831
626,742.824782376576
627,743.279511986384
628,743.734212221311
629,744.188883130417
630,744.64352476276
631,745.098137167397
632,745.552720393389
633,746.007274489793
634,746.461799505667
635,746.916295490071
636,747.370762492061
637,747.825200560696
638,748.279609745036
639,748.733990094137
640,749.18834165706
641,749.642664482861
642,750.096958620599
643,750.55122753437
644,751.005461028122
645,751.459669396022
646,751.913849272093
647,752.368000705393
648,752.822123744981
649,753.276218439915
650,753.730284839252
651,754.184322992052
652,754.638332947374
653,755.092314754274
654,755.546268461812
655,756.000194119046
656,756.454091775035
657,756.907961478836
658,757.361803279508
659,757.815617226109
660,758.269403367698
661,758.723161753333
662,759.176892432073
663,759.630595452976
664,760.0842708651
665,760.537918717504
666,760.991539059245
667,761.445131939383
668,761.898697406975
669,762.352235511081
670,762.805746300757
671,763.259232985614
672,763.712686133058
673,764.1661152738
674,764.619517296345
675,765.072892249754
676,765.526240183085
677,765.979561145396
678,766.432855185744
679,766.886122353189
680,767.339362696789
681,767.792576265603
682,768.245763108688
683,768.698923275104
684,769.152056813908
685,769.605163774158
686,770.058244204914
687,770.511298155233
688,770.964325674174
689,771.417326810795
690,771.870301614155
691,772.32325310564
692,772.776172417324
693,773.22906851525
694,773.681938476147
695,774.134782349076
696,774.587600183093
697,775.040392027256
698,775.493157930625
699,775.945897942259
700,776.398612111215
701,776.85130048655
702,777.303963117326
703,777.756600052598
704,778.209211341425
705,778.661797032867
706,779.114357175981
707,779.566891819826
708,780.019401013459
709,780.47188480594
710,780.924343246328
711,781.376776383679
712,781.829184267053
713,782.281566945507
714,782.733924468101
715,783.186256883892
716,783.63856424194
717,784.090846591301
718,784.543103981035
719,784.9953364602
720,785.447544077856
721,785.899726883057
722,786.351884924866
723,786.804018252339
724,787.256126914534
725,787.708210960512
726,788.160270439329
727,788.612305400043
728,789.064315891713
729,789.516301963399
730,789.968263664157
731,790.420201043047
732,790.872114149126
733,791.324003031453
734,791.775867739087
735,792.227708321086
736,792.679524826508
737,793.131317304411
738,793.583085803854
739,794.034830373895
740,794.486551063593
741,794.938247922006
742,795.389923474645
743,795.84157034121
744,796.293196000118
745,796.744798023974
746,797.196376461837
747,797.647931362766
748,798.099462775817
749,798.550970750051
750,799.002455334524
751,799.453916578296
752,799.905354530425
753,800.356769239969
754,800.808160755988
755,801.259529127538
756,801.710874403678
757,802.162196633467
758,802.613495865963
759,803.064772150225
760,803.51602553531
761,803.967256070278
762,804.418463804185
763,804.869648786093
764,805.320811065057
765,805.771950690137
766,806.22306771039
767,806.674162174875
768,807.125234132652
769,807.576283632778
770,808.027310724311
771,808.47831545631
772,808.929297877833
773,809.380258037938
774,809.831195985684
775,810.282111770129
776,810.733007580622
777,811.183877045352
778,811.634726634245
779,812.085554256071
780,812.536359959888
781,812.987143794753
782,813.437905809727
783,813.888646053867
784,814.339364576232
785,814.790061425878
786,815.240736651866
787,815.691390303255
788,816.1420224291
789,816.592633078462
790,817.043222300399
791,817.493790143969
792,817.94433665823
793,818.39486189224
794,818.845365895059
795,819.295848715743
796,819.746310403353
797,820.196751006946
798,820.64717057558
799,821.097569158314
800,821.547946804206
801,821.998303562315
802,822.4486394817
803,822.898954611416
804,823.349249000525
805,823.799522698084
806,824.249775753151
807,824.700008214785
808,825.150220132043
809,825.600411553986
810,826.05058252967
811,826.500733108154
812,826.950863338497
813,827.400973269757
814,827.851062950992
815,828.30113243126
816,828.75118175962
817,829.201210985131
818,829.651220156851
819,830.101209323837
820,830.551178535149
821,831.001127839845
822,831.451057286983
823,831.900966925621
824,832.350856804818
825,832.800726973632
826,833.250577481122
827,833.700408376346
828,834.150219708362
829,834.600011526229
830,835.049783879005
831,835.499536815748
832,835.949270385517
833,836.39898463737
834,836.848679620365
835,837.298355383561
836,837.748011976017
837,838.197650992617
838,838.647267844939
839,839.096867219521
840,839.546447619598
841,839.996009094223
842,840.44555169246
843,840.895075463363
844,841.344580455993
845,841.794066719407
846,842.243534302664
847,842.692983254822
848,843.142413624939
849,843.591825462075
850,844.041218815286
851,844.490593733632
852,844.939950266171
853,845.389288461961
854,845.838608370061
855,846.287910039529
856,846.737193519424
857,847.186458858803
858,847.635706106725
859,848.084935312248
860,848.534146524432
861,848.983339792333
862,849.432515165011
863,849.881672691524
864,850.33081242093
865,850.779934402288
866,851.229038684656
867,851.678125317093
868,852.127194348655
869,852.576245828403
870,853.025279805395
871,853.474296328688
872,853.923295447341
873,854.372277210412
874,854.821241666961
875,855.270188866045
876,855.719118856722
877,856.168031688051
878,856.616927409091
879,857.0658060689
880,857.514667716535
881,857.963512401055
882,858.41234017152
883,858.861151076986
884,859.309945166513
885,859.758722489159
886,860.207483093982
887,860.65622703004
888,861.104954346392
889,861.553665092097
890,862.002359316213
891,862.451037067797
892,862.899698395908
893,863.348343349605
894,863.796971977947
895,864.24558432999
896,864.694180454795
897,865.142760401418
898,865.591324218919
899,866.039871956356
900,866.488403662788
901,866.936919387272
902,867.385419178866
903,867.833903086631
904,868.282371159622
905,868.7308234469
906,869.179259997522
907,869.627680860547
908,870.076086085032
909,870.524475720037
910,870.972849814621
911,871.42120841784
912,871.869551578754
913,872.317879346421
914,872.766191769899
915,873.214488898246
916,873.662770780523
917,874.111037465784
918,874.559289003091
919,875.007525441501
920,875.455746830072
921,875.903953217863
922,876.352144653933
923,876.800321187338
924,877.248482867138
925,877.696629742392
926,878.144761862157
927,878.592879275493
928,879.040982031456
929,879.489070179106
930,879.937143767501
931,880.3852028457
932,880.833247462761
933,881.281277667741
934,881.7292935097
935,882.177295037695
936,882.625282300787
937,883.073255348031
938,883.521214228488
939,883.969158991214
940,884.41708968527
941,884.865006359712
942,885.3129090636
943,885.760797845991
944,886.208672755944
945,886.656533842518
946,887.10438115477
947,887.55221474176
948,888.000034652545
949,888.447840936185
950,888.895633641736
951,889.343412818259
952,889.791178514809
953,890.238930780448
954,890.686669664231
955,891.13439521522
956,891.58210748247
957,892.029806515041
958,892.477492361991
959,892.925165072378
960,893.372824695262
961,893.820471279699
962,894.26810487475
963,894.715725529471
964,895.163333292922
965,895.610928214159
966,896.058510342243
967,896.506079726232
968,896.953636415182
969,897.401180458155
970,897.848711904206
971,898.296230802396
972,898.743737201781
973,899.191231151421
974,899.638712700374
975,900.086181897698
976,900.533638792452
977,900.981083433693
978,901.428515870482
979,901.875936151875
980,902.323344326931
981,902.770740444708
982,903.218124554264
983,903.665496704659
984,904.11285694495
985,904.560205324197
986,905.007541891457
987,905.454866695788
988,905.902179786248
989,906.349481211898
990,906.796771021794
991,907.244049264995
992,907.691315990559
993,908.138571247545
994,908.585815085011
995,909.033047552015
996,909.480268697616
997,909.927478570872
998,910.374677220843
999,910.821864696584
1000,911.269041047157
1001,911.716206321617
1002,912.16336078997
1003,912.610503838435
1004,913.057636178915
1005,913.504757639513
1006,913.951868269294
1007,914.39896811731
1008,914.846057232624
1009,915.293135664297
1010,915.740203461379
1011,916.187260672934
1012,916.634307348024
1013,917.081343535699
1014,917.528369285021
1015,917.975384645052
1016,918.422389664844
1017,918.869384393458
1018,919.316368879956
1019,919.76334317339
1020,920.210307322821
1021,920.657261377312
1022,921.104205385913
1023,921.551139397687
1024,921.998063461695
1025,922.444975859576
1026,922.891789954272
1027,923.338604048969
1028,923.785418143665
1029,924.232232238362
1030,924.679046333058
1031,925.125860427755
1032,925.572674522451
1033,926.019488617148
1034,926.466302711844
1035,926.913116806541
1036,927.359930901238
1037,927.806744995934
1038,928.253559090631
1039,928.700373185327
1040,929.147187280023
1041,929.59400137472
1042,930.040815469416
1043,930.487629564113
1044,930.93444365881
1045,931.381257753506
